{"cameraMode":{"drawMode":1,"name":"Wireframe","section":"Shading Mode"},"sceneLighting":true,"audioPlay":false,"sceneViewState":{"showFog":true,"showMaterialUpdate":false,"showSkybox":true,"showFlares":true,"showImageEffects":true,"showParticleSystems":true},"in2DMode":false,"pivot":{"x":9.114607810974121,"y":12.714444160461426,"z":-30.303184509277345},"rotation":{"x":-0.006645104382187128,"y":-0.9930936098098755,"z":0.07014091312885285,"w":-0.09440522640943527},"size":104.90839385986328,"orthographic":false}